{
  "MAE": 0.42575954861110876,
  "R2": -41.556453948448045,
  "train_size": 4,
  "test_size": 2
}